Timestamp	Stranka	Sigurnosni kod	Ime osobe koja popunjava upitnik	1. Da li treba “hrvatsko pitanje” rješavati zajedno sa rješavanjem pitanja “Sejdić i Finci”?	Mogući komentar na 1. pitanje	2. Da li treba ojačati Sud i Tužilaštvo BiH?	Mogući komentar na 2. pitanje	3. Da li jedinstveni matični broj treba da pokazuje u kom se entitetu rodila osoba?	Mogući komentar na 3. pitanje	4. Da li treba uspostaviti treći entitet u BiH?	Mogući komentar na 4. pitanje	5. Svaka teritorijalna reorganizacija BiH mora obuhvatati oba entiteta?	Mogući komentar na 5. pitanje	6. Da li Federacija BiH treba imati dvije izborne jedinice bazirane na etničkom principu kako bi konstitutivni narodi bili adekvatno zastupljeni?	Mogući komentar na 6. pitanje	7. Da li Zakon o prebivalištu treba uvesti pojačane kontrole prebivališta?	Mogući komentar na 7. pitanje	8. Treba li ukinuti ustavnu odredbu koja onemogućava smanjenje plata poslanicima u toku mandata?	Mogući komentar na 8. pitanje	9. Treba li zdravstveno osiguranje pokrivati troškove umjetne oplodnje?	Mogući komentar na 9. pitanje	10. Treba li zakonom zabraniti rad fašističkih organizacija i isticanje fašističkih simbola?	Mogući komentar na 10. pitanje	11. Da li podržavate izmjene Zakona o zaštiti i dobrobiti životinja, prema kojima bi životinje koje ne budu udomljene iz azila nakon 15 dana bile ubijene?	Mogući komentar na 11. pitanje	12. Pitanje vojne imovine treba riješiti što hitnije, kako bi BiH stekla uslove za ulazak u NATO?	Mogući komentar na 12. pitanje	13. Da li se BiH treba dalje zaduživati za popunjavanje budžeta?	Mogući komentar na 13. pitanje	14. Da li su protesti u februaru 2014. bili usmjereni na rušenje ustavnog poretka?	Mogući komentar na 15. pitanje	15. Da li stranke/partije trebaju ponovno kandidirati izabrane i postavljene zvaničnike/ce koji su odgovorni za loše funkcionisanje vlasti?	Mogući komentar na 15. pitanje	16. Da li BiH treba priznati Palestinu?	Mogući komentar na 16. pitanje	17. Da li institucije kulture od značaja trebaju imati sigurno finansiranje iz budžeta BiH?	Mogući komentar na 17. pitanje	18. Da li energetski projekti trebaju biti prioritet u odnosu na zaštitu životne sredine?	Mogući komentar na 18. pitanje	19. Da li treba privatizirati državne kompanije koje posluju s profitom, ako će to značiti smanjivanje korupcije i sticanje lične koristi pojedinaca?	Mogući komentar na 19. pitanje	20. Da li vjeronauka treba da ulazi u prosjek ocjena?	Mogući komentar na 20. pitanje	21. Da li treba napustiti praksu “dvije škole pod jednim krovom” u svim dijelovima BiH?	Mogući komentar na 21. pitanje	22. Da li ste za uvođenje javnog TV kanala na hrvatskom jeziku?	Mogući komentar na 22. pitanje	23. Da li podržavate izmjene zakona o radu po kojima kolektivni ugovor više ne bi radnicima garantovao sva prava koja im sada garantuje?	Mogući komentar na 23. pitanje	24. Da li svi trebaju imati jednaka prava na zdravstvenu zaštitu koja se mogu ostvariti jednako na teritoriji cijele države?	Mogući komentar na 24. pitanje	25. Da li izborne liste partija/stranki treba zatvoriti?	Mogući komentar na 25. pitanje	26. Da li diskreciona sredstva iz budžetskih rezervi zvaničnici trebaju dijeliti bez jasno uspostavljenih kriterija i otvorenog i transparentnog procesa izbora korisnika? 	Mogući komentar na 26. pitanje	27. Da li ste za uvođenje diferencirane stope PDV-a?	Mogući komentar na 27. pitanje	28. Da li treba oduzeti svu imovinu čije zakonito porijeklo ne može biti dokazano?	Mogući komentar na 28. pitanje	29. Da li Parlament BiH treba biti jedino tijelo koje odlučuje o sukobu interesa?	Mogući komentar na 29. pitanje	30. Da li je opravdano dodjeljivanje ugovora o istraživanju ili eksploataciji prirodnih resursa poput uglja i nafte, bez javnih tenderskih procedura?	Mogući komentar na 30. pitanje	31. Smanjenje troškova administracije mora biti prioritet procesa reforme javne uprave?	Mogući komentar na 31. pitanje	32. Da li EU integracije moraju biti bezuslovni prioritet, čak i u slučaju da to smanjuje uticaj predstavnika konstitutivnih naroda ili pojedinih nivoa vlasti?	Mogući komentar na 32. pitanje
	SDA	268258		DA	SDA je jedna od političkih partija koja je konstantno učestvovala u svim pregovorima o implementaciji odluke Evropskog suda za ljudska prava u Strazburu u predmetu "Sejdić i Finci protiv BiH". Tokom pregovora imali su prijedlog o uspostavi dva "plutajuća izborna područja" koja bi bila bazirana na etničkom principu.	DA	Kada su poslanici SNSD-a i SDS-a u PSBiH inicirali Prijedlog zakona o prestanku važenja Zakona o Sudu i Tužilaštvu BiH, SDA tada nije podržala principe tog prijedloga. 	NE	Stranka demokratske akcije Bosne i Hercegovine je osuđivala prijedloge izmjena zakona o jedinstvenom matičnom broju građana koje je u julu 2013. godine usvojilo Vijeće ministara BiH.  Dom naroda Parlamentarne skupštine Bosne i Hercegovine je po hitnom postupku u novembru 2013. godine usvojio Prijedlog izmjena i dopuna Zakona o jedinstvenom matičnom broju građana.	NE	Iz SDA su više puta izjavili da ne prihvataju asimetrična rješenja kao ni rješenja iz kojih proističe mogućnost formiranja trećeg entiteta ili mogućnost uspostave treće izborne jedinice. 	DA	SDA je protiv reorganizacije Federacije BiH te su stava da pitanje drugačije teritorijalne organizacije treba da se odnosi na cijelu teritoriju Bosne i Hercegovine.	DA	Za vrijeme pregovora o implementaciji presude Sejdić-Finci, SDA i HDZ su bili blizu dogovora koji bi predviđao dvije izborne jedinice za člana Predsjedništva BiH, koje bi osigurale da se ne ponovi 'slučaj Komšić'.	NE		NE	Stranke koje su bile u Predstavničkom domu PS BiH u aprilu 2005. godine su glasale za ovaj prijedlog. Među ovim strankama je bila i SDA, ali budući da je ovaj amandman na Ustav od tada u Domu naroda u kojem SDA sudjeluje u posljednja dva mandata, smatra se da je SDA protiv.  	NE	Delegati Stranke demokratske akcije na 31. sjednici Predstavničkog doma Parlamenta FBiH koja se održala u junu 2014. godine nisu pokazali jedinstven stav prilikom glasanja za Prijedlog zakona o liječenju neplodnosti biomedicinski potpomognutom oplodnjom. Od 23 zastupnika, koliko broji SDA klub, sedam zastupnika je glasalo za uvođenje ovog zakona, četiri zastupnika su bili suzdržani, a preostalih dvanaest je glasalo protiv ovog zakona.	DA	Delegati Stranke demokratske akcije su na 77. sjednici Predstavničkog doma Parlamentarne skupštine BiH glasali za Prijedlog zakona o zabrani svih fašističkih i neofašističkih organizacija i upotrebe njihovih simbola u Bosni i Hercegovini. 	DA	Prilikom glasanja o Izmjenama Zakona o zaštiti i dobrobiti životinja poslanici SDA u Predstavničkom domu PSBiH su glasali za predložene izmjene.	DA	Poslanici SDA su u martu 2014. godine glasali za prijedlog zakona koji rješava ovo pitanje u Predstavničkom domu PS BiH.	DA	SDA je politička partija koja participira u radu Vlade FBiH čiji premijer je stavljao svoj potpis na sve memorandume o razumijevanju i ugovore o stand by aranžmanu sa MMF-om. Ovaj stand by aranžman je korišten za popunjavanje budžetskog deficita.	DA	Više zvaničnika SDA je dalo izjave kako su ovi protesti usmjereni na rušenje ustavnog poretka BiH.	DA		DA	Predsjedništvo BiH je na sjednici u novembru 2012. godine na zahtjev člana Predsjedništva Bakira Izetbegovića, raspravljalo o rezoluciji o prijemu Palestine u Ujedinjene nacije. Nakon rasprave je donesena odluka, dva naprema jedan, da se podrži prijem Palestine, ali ona nije važeća u skladu s Ustavom, jer se radi o odluci za koju je potreban konsenzus sva tri člana. U ovom slučaju su za prijem Palestine u UN glasali Željko Komšić i Bakir Izetbegović, dok je predsjedavajući Predsjedništva Nebojša Radmanović bio protiv. 	DA	U Stranci demokratske akcije smatraju da država treba osigurati funkcioniranje  i finansiranje sedam institucija kulture od značaja za državu, među kojima je i Zemaljski muzej BiH.	DA	SDA ima historiju zalaganja za izgradnju hidrocentrala tokom protekla dva mandata.	NE		DA	SDA, SBB i SDP su bile članice Vlade u Kantonu Sarajevu koja je donijela odluku o ponovnom ulasku predmeta vjeronauka u prosjek ocjena u KS.	NE	SDA je partija koja je zajedno sa HDZ-om i uvela praksu dvije škole pod jednim krovom. U izbornoj kampanji 2010. godine SDA je dala obećanje o administrativnom objedinjavanju dvije škole pod jednim krovom, međutim pojedini zvaničnici SDA iz kantona u kojima ova praksa postoji su iznosili stavove kako dvije škole pod jednim krovom nisu problem.	NE	Izmjene i dopune Zakona o JRT sistemu BiH na Vijeću ministara usvojene su još 11. januara 2013. godine, a u parlamentarnu proceduru upućene su nakon petnaest mjeseci 14. aprila 2014. godine. Komisija za saobraćaj i komunikacije Predstavničkog doma Parlamentarne skupštine BiH na 31. sjednici nije danas u Sarajevu podržala Prijedlog zakona o izmjenama i dopunama Zakona o Javnom RTV sistemu BiH, kojim se predviđa uvođenje RTV kanala na hrvatskom jeziku.  Protiv principa ovog zakonskog prijedloga glasali su članovi Komisije iz SDA Zijad Jagodić i Šemsudin Mehmedović.	DA	SDA je dio Vlade koja je donijela ovakav Prijedlog zakona.	DA	Vlada FBiH, koju čine SDA, SDP, HSP i NSRzB je u julu 2014. godine usvojila Nacrt zakona o obaveznom zdravstvenom osiguranju koji je u skladu sa ovim pitanjem.	NE		DA	Prema pisanju Centra za istraživačko novinarstvo, zvaničnici SDA u Vlasti su u više navrata dijelili diskreciona sredstva bez jasnih procedura.	NE	SDA je 2010. godine dao predizborno obećanje o uvođenju diferencirane stope PDV-a, međutim u toku aktuelnog mandata stope PDV-a nisu izmijenjene.	NE		NE	Po hitnoj proceduri izmjene Zakona o sukobu interesa našle su se pred delagatima Doma naroda Parlamentarne skupštine Bosne i Hercegovine u junu 2013. godine. Delegati Stranke demokratske akcije posegnuli su za pitanjem vitalnog nacionalnog interesa kako bi spriječili izglasavanje izmjena Zakona o sukobu interesa.	DA	Vlada FBiH, u čijem radu participira i SDA, je sklopila memorandum o razumijevanju sa kompanijom SHELL i dodijelio im koncesiju za istraživanje nafte bez prethodne javne procedure. Ista Vlada je i predložila Zakon o istraživanju i eksploatiranju nafte i plina na području Federacije BiH, čime su se stvorile pretpostavke za dodjelu koncesije za istraživanje bez tenderske procedure.	NE		NE	
	SDP	531700		DA	SDP je 2012. godine potpisao sporazum o saradnji u izvršnoj vlasti FBiH sa HDZ-om u kojem su se bavili i "hrvatskim pitanjem", odnosno uvođenjem „vrijednosti glasa“, baziranoj na nacionalnoj pripadnosti. Ovaj sporazum su podržali i HDZ 1990 i SBB.	DA	Kada su poslanici SNSD-a i SDS-a u PSBiH inicirali Prijedlog zakona o prestanku važenja Zakona o Sudu i Tužilaštvu BiH, SDP tada nije podržala principe tog prijedloga. 	DA	Dom naroda Parlamentarne skupštine BiH je po hitnom postupku i bez rasprave usvojio Prijedlog izmjena i dopuna Zakona o jedinstvenom matičnom broju (JMB). Za zakon je glasalo deset delegata, uključujući i delegate SDP-a. 	NE	Predsjednik SDP BiH Zlatko Lagumdžija je u julu 2014. godine u intervjuu koji je prenio vecernji.ba izjavio da Dragan Čović u njemu i SDP-u neće imati partnera za dalje podjele u Federaciji BiH.	NE	Predsjednik SDP BiH Zlatko Lagumdžija je u julu 2014. godine u intervjuu koji je prenio vecernji.ba izjavio da Dragan Čović u njemu i SDP-u neće imati partnera za dalje podjele u Federaciji BiH.	NE	Šef kluba poslanika SDP-a u PD PS BiH Saša Magazinović je izjavio da SDP nikada neće podržati bilo kakve sporazume koji predviđaju uspostavljanje novih izbornih jedinica.	DA		NE	Stranke koje su bile u Predstavničkom domu PS BiH u aprilu 2005. godine su glasale za ovaj prijedlog. Među ovim strankama je bila i SDP, ali budući da je ovaj amandman na Ustav od tada u Domu naroda u kojem SDP ima svoje delegate, smatra se da su protiv ovog amandmana.  	DA	Predlagač Zakona o liječenju neplodnosti biomedicinski potpomognutom oplodnjom bilo je Ministarstvo zdravstva FBiH na čijem čelu sjedi ministar Rusmir Mesihović iz SDP-a, a prilikom glasanja po prijedlogu ovog zakona svi poslanici iz Socijaldemokratske partije, njih ukupno 25 su glasali za uvođenje ovog zakona.	DA	Delegati Socijaldemokratske partije su na 77. sjednici Predstavničkog doma Parlamentarne skupštine BiH glasali za Prijedlog zakona o zabrani svih fašističkih i neofašističkih organizacija i upotrebe njihovih simbola u Bosni i Hercegovini. 	DA	Poslanica SDP-a BiH u Predstavničkom domu PSBiH, Nermina Zaimović-Uzunović je i predložila Izmjene i dopune Zakona o zaštiti i dobrobiti životinja kojima bi se omogućilo da životinje koje ne budu udomljene iz azila nakon 15 dana budu ubijene.	DA	Poslanici SDP su u martu 2014. godine glasali za prijedlog zakona koji rješava ovo pitanje u Predstavničkom domu PS BiH.	DA	SDP je politička partija koja participira u radu Vlade FBiH čiji premijer, inače postavljen od SDP-a je stavljao svoj potpis na sve memorandume o razumijevanju i ugovore o stand by aranžmanu sa MMF-om. Ovaj stand by aranžman je korišten za popunjavanje budžetskog deficita.	DA	Više zvaničnika SDP-a je nakon februarskih protesta dalo izjave da su ovi protesti usmjereni na rušenje ustavnog poretka.	DA		DA	Član Predsjedništva BiH Željko Komšić je u periodu kada je pitanje priznavanja Palestine bilo aktuelno obnašao ovu funkciju ispred SDP-a, a smatrao je da su opravdani zahtjevi palestinskoga naroda za priznanje državnosti u UN-u, te je na sjednici Predsjedništva BiH u novembru 2012. godine glasao za prijem Palestine u UN.	DA	Pravni status sedam institucija kulture čiji je osnivač Republika BiH nakon rata nikada nije riješen, te je njihovo redovno finansiranje od tada zaustavljeno. Novac za njihovo osnovno funkcioniranje daju različiti nivoi vlasti, tako da je, između ostalih, i Vlada FBiH na čijem čelu je SDP izdvajala sredstva za ovu namjenu.	DA	Federalna ministrica okoliša Branka Đurić (SDP) je izdavala neke sporne dozvole za brane u Konjicu, koje su izazvale revolt ekoloških organizacija u BiH.	NE		DA	SDA, SBB i SDP su bile članice Vlade u Kantonu Sarajevu koja je donijela odluku o ponovnom ulasku predmeta vjeronauka u prosjek ocjena u KS.	DA	Zvaničnici SDP-a BiH su se tokom ovog mandata više puta oglasili sa stavom kako ovu praksu treba napustiti bez odlaganja, što je bilo i jedno od njihovih predizbornih obećanja 2010. godine.	NE	Izmjene i dopune Zakona o JRT sistemu BiH na Vijeću ministara usvojene još 11. januara 2013. godine, a u parlamentarnu proceduru upućene su nakon petnaest mjeseci 14. aprila 2014. godine. Komisija za saobraćaj i komunikacije Predstavničkog doma Parlamentarne skupštine BiH na 31. sjednici nije danas u Sarajevu podržala Prijedlog zakona o izmjenama i dopunama Zakona o Javnom RTV sistemu BiH, kojim se predviđa uvođenje RTV kanala na hrvatskom jeziku.  Protiv principa ovog zakonskog prijedloga glasali su članovi Komisije iz SDP-a Anto Domazet i Mirza Kušljugić. 	DA	SDP je dio Vlade koja je donijela ovakav Prijedlog zakona.	DA	Vlada FBiH, koju čine SDA, SDP, HSP i NSRzB je u julu 2014. godine usvojila Nacrt zakona o obaveznom zdravstvenom osiguranju koji je u skladu sa ovim pitanjem.	DA		DA	Prema pisanju Centra za istraživačko novinarstvo, zvaničnici SDP-a u Vlasti su u više navrata dijelili diskreciona sredstva bez jasnih procedura.	NE	SDP je 2010. godine dao predizborno obećanje o uvođenju diferencirane stope PDV-a, međutim u toku aktuelnog mandata stope PDV-a nisu izmijenjene.	DA		DA		DA	Vlada FBiH, čiji premijer je iz SDP-a, sklopila je memorandum o razumijevanju sa kompanijom SHELL i dodijelio im koncesiju za istraživanje nafte bez prethodne javne procedure. Ista Vlada je i predložila Zakon o istraživanju i eksploatiranju nafte i plina na području Federacije BiH, čime su se stvorile pretpostavke za dodjelu koncesije za istraživanje bez tenderske procedure.	NE		DA	
	SNSD	403986		DA	SNSD je konstantno sudionik pregovora o ustavnim promjenama u BiH u okviru kojih se razgovaralo i o "hrvatskom pitanju". Lider ove partije, Milorad Dodik konstantno je insistirao da je suština implementacije odluke "Sejdić-Finci" promjena tri riječi u Ustavu kako bi se on uskladio sa odlukom Evropskog suda za ljudska prava, ali je isticao i da to nije problem RS-a te da će on podržati svaki dogovor partija iz FBiH.	NE	Stav SNSD-a je da Sud i Tužilaštvo BiH trebaju imati redukovanu ulogu ili ih treba ukinuti. SNSD je sa SDS-om u PSBiH inicirao i donošenje Zakona o prestanku važenja Zakona o Sudu i Tužilaštvu BiH.	DA	Dom naroda Parlamentarne skupštine BiH je po hitnom postupku i bez rasprave usvojio Prijedlog izmjena i dopuna Zakona o jedinstvenom matičnom broju (JMB). Za zakon je glasalo deset delegata, uključujući i delegate SNSD-a. 	DA	Milorad Dodik uvijek u svojim medijskim nastupima potencira da bi i hrvatski narod trebao postati ravnopravan na način da dobije svoj entitet u FBiH.	NE	Zvaničnici SNSD-a su više puta izjavili da teritorijalna reorganizacija može da se desi jedino u FBiH, te da se Republika Srpska neće cijepati. 	DA	Budući da SNSD podržava i stvaranje trećeg entiteta u FBiH, logično je da podržava i dvije izborne jedinice na prostoru FBiH. 	DA		NE	Stranke koje su bile u Predstavničkom domu PS BiH u aprilu 2005. godine su glasale za ovaj prijedlog. Među ovim strankama je bio i SNSD, ali budući da je ovaj amandman na Ustav od tada u Domu naroda u kojem SNSD ima svoje delegate u protekla dva mandata, smatra se da je protiv ovog amandmana.  	DA	Ministarstvo zdravlja i socijalne zaštite Republike Srpske, posredstvom Republičkog fonda zdravstvenog osiguranja vrši finansiranje dva pokušaja medicinski potpomognute oplodnje bračnih parova u ovom entitetu. Inicijativa za uvođenje finansiranja dva pokušaja vantjelesne oplodnje potekla je od predsjednika Republike Srpske Milorada Dodika, lidera SNSD-a. Pojedine opštine u RS-u (njih ukupno 29) izdvajaju sredstva za sufinansiraje i trećeg pokušaja vantjelesne oplodne, a ovo se većinski sprovodi u opštinama čiji načelnici dolaze iz redova SNSD-a.	NE	Delegati Saveza nezavisnih socijaldemokrata su na 77. sjednici Predstavničkog doma Parlamentarne skupštine BiH glasali protiv Prijedloga zakona o zabrani svih fašističkih i neofašističkih organizacija i upotrebe njihovih simbola u Bosni i Hercegovini. 	NE	Prilikom glasanja o Izmjenama Zakona o zaštiti i dobrobiti životinja poslanici SNSD-a u Predstavničkom domu PSBiH su glasali protiv predloženih izmjena.	NE	Poslanici SNSD su u martu 2014. godine glasali protiv prijedloga zakona koji rješava ovo pitanje u Predstavničkom domu PS BiH.	DA	SNSD je u NSRS predlagao zakon o dugoročnom zaduživanju ovog entiteta. Pored toga premijerka RS-a je stavljala svoj potpis na sve memorandume o razumijevanju i ugovore o stand by aranžmanu sa MMF-om. Ovaj stand by aranžman je korišten za popunjavanje budžetskog deficita.	DA	Tokom i nakon februarskih protesta više zvaničnika SNSD-a je dalo izjave da su protesti upereni na rušenje Republike Srprke.	DA		NE	Kada je Predsjedništvo BiH na sjednici u novembru 2012. godine raspravljalo o rezoluciji o prijemu Palestine u Ujedinjene nacije Nebojša Radmanović je bio protiv. 	NE		DA	Vlada RS, čiji je SNSD član je provodila projekat Gornji Horizonti, koji je zbog štetnosti po okolinu zaustavila EU.	DA		DA	Škole u Republici Srpskoj imaju svoju krsnu slavu, tako da o izbacivanju vjeronauke iz prosjeka ocjena u RS nema ni govora u programima partija iz RS.	NE		DA	Izmjene i dopune Zakona o JRT sistemu BiH na Vijeću ministara usvojene još 11. januara 2013. godine, a u parlamentarnu proceduru upućene su nakon petnaest mjeseci 14. aprila 2014. godine. Komisija za saobraćaj i komunikacije Predstavničkog doma Parlamentarne skupštine BiH na 31. sjednici nije danas u Sarajevu podržala Prijedlog zakona o izmjenama i dopunama Zakona o Javnom RTV sistemu BiH, kojim se predviđa uvođenje RTV kanala na hrvatskom jeziku.  Za principe ovog zakonskog prijedloga glasao je predstavnik SNSD-a Saša Bursać. 	DA	SNSD je dio Vlade koja priprema ovaj zakon u RS.	NE	Stranke iz RS su protiv bilo kakvog vida centralizacije.	DA		DA	Prema pisanju Centra za istraživačko novinarstvo, zvaničnici SNSD-a u Vlasti su u više navrata dijelili diskreciona sredstva bez jasnih procedura.	DA	SNSD je 2010. godine dao predizborno obećanje o uvođenju diferencirane stope PDV-a i bio je jedina partija u toku aktuelnog mandata koja je dala prijedlog o izmjenama stopa PDV-a.	NE		DA		DA	Vlada RS je, poput Vlade FBiH, koncesiju za istraživanja nalazišta nafte u RS dodijelila ruskoj kompaniji Gazprom bez ikakve prethodno raspisane tenderske procedure.	DA		NE	
	SDS	351305		DA	SDS je tokom pregovora o implementaciji odluke Evropskog suda za ljudska prava u predmetu "Sejdić-Finci protiv BiH",u okviru kojih se razgovaralo i o "hrvatskom pitanju", bio u konsenzusu sa SNSD-om da će podržati svaki dogovor partija iz FBiH o ovom pitanju.	NE	SDS zajedno sa SNSD-om u PSBiH inicirao ukidanje Suda i Tužilaštva BiH .	DA	Dom naroda Parlamentarne skupštine BiH je po hitnom postupku i bez rasprave usvojio Prijedlog izmjena i dopuna Zakona o jedinstvenom matičnom broju (JMB). Za zakon je glasalo deset delegata, uključujući i delegate SDS-a. 	DA	Funkcioneri SDS-a smatraju da je pitanje trećeg entiteta unutrašnja stvar Federacije BiH, tako da ukoliko bi se stvorile pretpostavke za to unutar političkog miljea u FBiH, SDS ne bi bio protiv.	NE	Sve stranke iz Republike Srpske, pa tako i SDS se zalažu za očuvanje RS-a i njenog teritorijalnog integriteta.	NE	SDS smatra da je pitanje trećeg entiteta unutrašnja stvar FBiH, tako da bi bili za uspostavljanje dvije izborne jedinice u FBiH.	DA		NE	Stranke koje su bile u Predstavničkom domu PS BiH u aprilu 2005. godine su glasale za ovaj prijedlog. Među ovim strankama je bio i SDS, ali budući da je ovaj amandman na Ustav od tada u Domu naroda u kojem SDS ima svoje delegate u protekla dva mandata, smatra se da je protiv ovog amandmana.  	DA	U Republici Srpskoj pitanje sufinansiranja vantjelesne oplodnje je zakonski uređeno i parovi imaju pravo na dva potpomognuta pokušaja o trošku zdravstvenog osiguranja. Također, Srpska demokratska stranka se u svom programu kroz populacionu politiku zalaže za stimulisanje i obezbjeđivanje uslova za finansijsku i svaku drugu podršku za rađanje djece, kao i za potpuno plaćanje vještačke oplodnje o trošku države.	NE	Delegati Srpske demokratske stranke su na 77. sjednici Predstavničkog doma Parlamentarne skupštine BiH glasali protiv Prijedloga zakona o zabrani svih fašističkih i neofašističkih organizacija i upotrebe njihovih simbola u Bosni i Hercegovini. 	NE	Prilikom glasanja o Izmjenama Zakona o zaštiti i dobrobiti životinja poslanici SDS-a u Predstavničkom domu PSBiH su glasali protiv predloženih izmjena.	NE	Poslanici SDS su u martu 2014. godine glasali protiv prijedloga zakona koji rješava ovo pitanje u Predstavničkom domu PS BiH.	NE	Tokom rasprave o Zakonu o dugoročnom zaduživanju RS poslanici SDS-a u NSRS su smatrali da se treba stati sa zaduživanjem jer dug RS-a prelazi polovinu BDP-a	NE	Stav SDS-a je da su protesti u februaru bili primarno socijalnog karaktera i takve izjave su zvaničnici SDS-a davali više puta.	DA		NE	Ognjen Tadić iz SDS-a smatra da se BiH nalazi pod protektoratom Vijeća sigurnosti UN-a, a zbog čega ima ograničen suverenitet pa samim tim i do kraja nedefiniranu vanjsku političku poziciju, posebno u vezi sa krupnim pitanjima kao sto je palestinski status.	NE		NE	HDZ BiH je bio član Vlade FBiH koja je zagovarala izgradnju hidrocentrala.	DA		DA	Škole u Republici Srpskoj imaju svoju krsnu slavu, tako da o izbacivanju vjeronauke iz prosjeka ocjena u RS nema ni govora u programima partija iz RS.	NE		NE	Izmjene i dopune Zakona o JRT sistemu BiH na Vijeću ministara usvojene još 11. januara 2013. godine, a u parlamentarnu proceduru upućene su nakon petnaest mjeseci 14. aprila 2014. godine. Komisija za saobraćaj i komunikacije Predstavničkog doma Parlamentarne skupštine BiH na 31. sjednici nije danas u Sarajevu podržala Prijedlog zakona o izmjenama i dopunama Zakona o Javnom RTV sistemu BiH, kojim se predviđa uvođenje RTV kanala na hrvatskom jeziku. Protiv principa ovog zakonskog prijedloga glasao je predstavnik SDS-a Borislav Bojić. 	NE		NE	Stranke iz RS su protiv bilo kakvog vida centralizacije.	NE		DA		DA		DA		DA		NE		DA		NE	
	HDZ	804029		DA	HDZ BiH i njen lider, Dragan Čović, od samog početka pregovora o Ustavnim promjenama su insistirali na "hrvatskom pitanju" te odluku Evropskog suda za ljudska prava u predmetu "Sejdić-Finci", koja se isključivo odnosi na predstavnike ostalih, iskoristiti kako bi rješavali odnose među konstitutivnim narodima.	NE	Kada su SNSD i SDS podnijeli Prijedlog zakona o prestanku važenja Zakona o Sudu i Tužilaštvu BiH, članovi HDZ-a u Ustavnopravnoj komisiji smatrali su da postoji ustavni osnov za ukidanje Suda i Tužilaštva BiH, ali su bili protiv principa zakona.	DA		DA	Jedna od glavnih krilatica HDZ BiH jeste borba za bolji položaj Hrvata u Federaciji BiH, te je jasno da bi HDZ BiH bio za osnivanje trećeg entiteta.	NE	HDZ BiH je partner sa SNSD-om, te se zalaže samo za treći entitet unutar FBiH.	DA	HDZ BiH je u pregovorima o implementaciji presude Sejdić-Finci konstantno zagovarao rješenja sa uspostavljanjem dvije izborne jedinice za Predsjedništvo BiH.	DA		NE	Stranke koje su bile u Predstavničkom domu PS BiH u aprilu 2005. godine su glasale za ovaj prijedlog. Među ovim strankama je bio i HDZ, ali budući da je ovaj amandman na Ustav od tada u Domu naroda u kojem HDZ ima svoje delegate u protekla dva mandata, smatra se da je protiv ovog amandmana.  	NE	Delegati Hrvatske demokratske zajednice na 31. sjednici Predstavničkog doma Parlamenta FBiH koja se održala u junu 2014. godine nisu podržali Prijedlog zakona o liječenju neplodnosti biomedicinski potpomognutom oplodnjom.	DA	Delegati Hrvatske demokratske zajednice su na 77. sjednici Predstavničkog doma Parlamentarne skupštine BiH glasali za uvođenje Prijedloga zakona o zabrani svih fašističkih i neofašističkih organizacija i upotrebe njihovih simbola u Bosni i Hercegovini. 	DA	Prilikom glasanja o Izmjenama Zakona o zaštiti i dobrobiti životinja poslanici HDZ-a BiH u Predstavničkom domu PSBiH su glasali za predložene izmjene.	DA	Poslanici HDZ su u martu 2014. godine glasali za prijedlog zakona koji rješava ovo pitanje u Predstavničkom domu PS BiH.	DA	Vjekoslav Bevanda (HDZ BiH), predsjedavajući VM-a je također stavljao svoj potpis na sve memorandume o razumijevanju i ugovore o stand by aranžmanu sa MMF-om. Ovaj stand by aranžman je korišten za popunjavanje budžetskog deficita.	DA	Tokom i nakon februarskih protesta više zvaničnika HDZ-a je dalo izjave da su protesti upereni na rušenje ustavnog poretka BiH.	DA		DA		NE		DA		NE		DA	Uzimajući u obzir veze HDZ sa crkvom u BiH i izjave zvaničnika HDZ-a, može se ocijeniti da je HDZ za ulazak vjeronauke u prosjek ocjena.	NE	HDZ BiH je partija koja je zajedno sa SDA i uvela praksu dvije škole pod jednim krovom. Tokom aktuelnog mandata bili su stava da se time treba baviti struka, ali ne treba zaboraviti izjavu ministrice obrazovanja SBK-a iz prošlog saziva vlasti, Grete Kune, koja je svojevremeno, upitana da prokomentariše postojanje prakse dvije škole pod jednim krovom izjavila kako "ne treba miješati kruške i jabuke".	DA	Uspostavljanje javnog TV kanala na hrvatskom jeziku je jedno od obećanja koje je HDZ uvrstila u program za  Lokalne Izbore 2012. godine. 	DA		NE		DA		DA	Prema pisanju Centra za istraživačko novinarstvo, zvaničnici HDZ-a BiH u Vlasti su u više navrata dijelili diskreciona sredstva bez jasnih procedura.	NE	HDZ BiH je 2010. godine dao predizborno obećanje o uvođenju diferencirane stope PDV-a, međutim u toku aktuelnog mandata stope PDV-a nisu izmijenjene.	NE		DA		DA		NE		NE	
	HDZ1990	858673		DA	HDZ 1990 je bila jedna od stranka potpisnica sporazuma o saradnji u izvršnoj vlasti u FBiH koji su 2012. godine potpisali SDP-a i HDZ BiH, a u kojem su se bavili i "hrvatskim pitanjem", odnosno uvođenjem „vrijednost glasa“, baziranoj na nacionalnoj pripadnosti.	NE	Kada su SNSD i SDS podnijeli Prijedlog zakona o prestanku važenja Zakona o Sudu i Tužilaštvu BiH, članovi HDZ-a 1990 u Ustavnopravnoj komisiji smatrali su da postoji ustavni osnov za ukidanje Suda i Tužilaštva BiH, ali su bili protiv principa ovog zakona.	DA		DA	HDZ 1990 je druga najjača stranka među Hrvatima u BIH, a ako se uzme u obzir da je većina njihove biračke baze za uspostavljanje trećeg entiteta, HDZ 1990 bi sigurno podržao uspostavljanje istog.	DA	Bošnjačke stranke bi pristale na reorganizaciju BiH jedino ukoliko bi uključivala i RS.	DA	HDZ 1990 se zalaže za treći entitet u FBiH (sa Srednjom Bosnom), tako da su i za dvije izborne jedinice u BiH. Pored toga, HDZ 1990 je učestvovao u svim pregovorima oko implemetacije presude Sejdić-Finci.	DA		NE	Stranke koje su bile u Predstavničkom domu PS BiH u aprilu 2005. godine su glasale za ovaj prijedlog. Među ovim strankama je bio i HDZ 1990, ali budući da je ovaj amandman na Ustav od tada u Domu naroda u kojem HDZ 1990 ima svoje delegate u protekla dva mandata, smatra se da je protiv ovog amandmana.  	NE	Delegati Hrvatske demokratske zajednice 1990 na 31. sjednici Predstavničkog doma Parlamenta FBiH koja se održala u junu 2014. godine nisu podržali Prijedlog zakona o liječenju neplodnosti biomedicinski potpomognutom oplodnjom.	DA	Delegati Hrvatske demokratske zajednice su na 77. sjednici Predstavničkog doma Parlamentarne skupštine BiH glasali za uvođenje Prijedloga zakona o zabrani svih fašističkih i neofašističkih organizacija i upotrebe njihovih simbola u Bosni i Hercegovini. 	DA	Prilikom glasanja o Izmjenama Zakona o zaštiti i dobrobiti životinja poslanici HDZ-a BiH u Predstavničkom domu PSBiH su glasali za predložene izmjene.	DA	Poslanici HDZ 1990 su u martu 2014. godine glasali za prijedlog zakona koji rješava ovo pitanje u Predstavničkom domu PS BiH.	DA	HDZ 1990 je uvijek podržavao sve izmjene zakona koje su bile potrebne za uzimanje kredita od MMF-a	DA	Iako je stav HDZ 1990 na početku protesta u februaru bio da su protesti socijalnog karaktera, nakon nekoliko dana Martin Raguž je izjavio da je cilj protesta postao destabilizacija ustavnog poretka zemlje.	NE		DA		NE		NE		DA		DA	Uzimajući u obzir veze HDZ 1990 sa crkvom u BiH i izjave zvaničnika HDZ 1990, može se ocijeniti da je HDZ 1990 za ulazak vjeronauke u prosjek ocjena.	NE		DA	Predsjednik HDZ-a 1990 Martin Raguž smatra da je pitanje TV kanala na hrvatskom jeziku pitanje poštivanja prava hrvatskog naroda u BiH. 	NE		DA		DA		DA		DA		DA		DA		NE		NE		DA	
	SBB 	299820		DA	SBB je bila jedna od stranka potpisnica sporazuma o saradnji u izvršnoj vlasti u FBiH koji su 2012. godine potpisali SDP-a i HDZ-a, a u kojem su se bavili i "hrvatskim pitanjem", odnosno uvođenjem „vrijednost glasa“, baziranoj na nacionalnoj pripadnosti.	DA	Stav predsjednika SBB-a Fahrudina Radončića je da Sud i Tužilaštvo ne treba ukidati. Također, jedno od predizbornih obećanja SBB-a je bilo da će ostvariti uslove da policija, tužilaštvo i sudovi – imaju nezavistan, samostalan i materijalno adekvatan položaj u društvu. Budžetska izdvajanja za Sud BiH, Tužilaštvo BiH i Direkciju za koordinaciju policijskih tijela BiH bila su konstantna i u blagom porastu tokom mandata 2010. - 2014., a naročito u periodu u kojem je SBBBiH bio na vlasti.  	DA		NE	Sve bošnjačke stranke, pa i SBB su protiv bilo kakve teritorijalne reorganizacije BiH koja bi uključivala uspostavljanje trećeg entiteta. Predsjednik SBB-a Fahrudin Radončić ovo često naglašava u svojim izjavama.	DA		NE	Prema stavovima predsjednika SBB-a Fahrudina Radončića izrečenim više puta tokom pregovora oko implementacije Sejdić-Finci, SBB je protiv uvođenja dvije izborne jedinice u FBiH.	DA		DA	Budući da predsjednik SBB-a BiH Fahrudin Radončić nije primao platu kao Ministar sigurnosti BiH, za SBB BiH se smatra da je za ovaj amandman.	NE	Delegati Saveza za bolju budućnost na 31. sjednici Predstavničkog doma Parlamenta FBiH koja se održala u junu 2014. godine nisu podržali Prijedlog zakona o liječenju neplodnosti biomedicinski potpomognutom oplodnjom.	DA	/	NE	Prilikom glasanja o Izmjenama Zakona o zaštiti i dobrobiti životinja poslanici SBB-a u Predstavničkom domu PSBiH su glasali protiv predloženih izmjena.	DA	Poslanici SBB su u martu 2014. godine glasali za prijedlog zakona koji rješava ovo pitanje u Predstavničkom domu PS BiH.	DA	SBB je uvijek podržavao sve izmjene zakona koje su bile potrebne za uzimanje kredita od MMF-a	NE	Lider SBB-a Fahrudin Radončić smatra da su protesti u februaru bili socijalnog karaktera.	DA		DA		DA		NE		DA		DA	SDA, SBB i SDP su bile članice Vlade u Kantonu Sarajevu koja je donijela odluku o ponovnom ulasku predmeta vjeronauka u prosjek ocjena u KS.	DA	SBB je 2010. godine imao obećanje o ukidanju prakse dvije škole pod jednim krovom, kao i uvođenju jedinstvenog nastavnog plana i programa.	NE	Izmjene i dopune Zakona o JRT sistemu BiH usvojene su na 34. sjednici Vijeća ministara održanoj 11. januara 2013. godine, a u parlamentarnu proceduru upućene su nakon petnaest mjeseci 14. aprila 2014. godine. Na ranijoj sjednici Vijeća ministara, ministar Fahrudin Radončić je zajedno sa ministrima Lagumdžijom, Damirom Hadžićem i Osmićem bio protiv ovog prijedloga, a na 34. sjednici je protiv toga bila i zamjenica ministra gospođa Edita Đapo, koja je također član SBB-a.  Poslanici SBB-a su se javnosti obratili sa obećanjem da će u parlamentarnoj proceduri glasati protiv takvog prijedloga, jer smatraju da to vodi etničkoj podjeli medijskog prostora, a time i etničkoj podjeli BiH.	NE		DA		NE		NE	SBB je u Parlamentu FBiH predložio da se u Krivični zakon uvrsti novo krivično djelo, nesavjesno trošenje budžetskog i vanbudžetskog javnog novca, a da se ministrima, direktorima, članovima upravnih i nadzornih odbora koji su nesavjesno trošili javni novac zabrani obavljanje tih funkcija u budućnosti.	DA		DA		DA		NE		DA		DA	
	DF	928139		NE	Lider DF-a i aktuelni hratski član Predsjedništva BiH, Željko Komšić je u više navrata izjavljivao da lideri šest ili ponekad sedam partija kroz pregovore ne rješavaju pitanje "Sejdić-Finci", nego pitanje Komšić	DA		NE		NE	Predsjednik Demokratske Fronte, Željko Komšić je u više svojih izjava rekao kako smatra da treći entitet nije rješenje za BH Hrvate.	DA		NE	Zvaničnici Demokratske fronte su više puta izjavili da su protiv uspostave dvije izborne jedinice u FBiH.	NE		DA	Na osnovu izjava zvaničnika DF-a smatra se da je DF za izmjene Ustava u ovom smjeru.	DA	/	DA	/	NE		DA	Budući da se DF zalaže za evropski put BiH i NATO integracije, smatra se da je DF za usvajanje ovog zakona.	NE	Predsjednik DF-a Željko Komšić je najavljivao kako će podnijeti apelaciju Ustavnom Sudu BiH na sve do sada sklopljene ugovore o zaduživanju, s obzirom da smatra kako su oni sklapani mimo Ustavom definisanih procedura.	NE	Tokom februarskih protesta predsjednik Demokratske fronte Željko Komšić je više puta izjavio da su protesti socijalnog karaktera.	NE		DA		DA		NE		DA		NE		DA	Lider DF-a, Željko Komšić je više puta isticao da je postojanje dvije škole pod jednim krovom problem koji treba hitno riješiti.	NE	/	NE		DA		NE		NE		DA		DA		NE		NE		DA		DA	
	NSRzB	384648		NE	NSRZB je partija koja nije učestvovala u pregovorima o implementaciji odluke Evropskog suda za ljudska prava u predmetu "Sejdić i Finci protiv BiH", niti je potpisala sporazum o saradnji sa SDP-om i HDZ-om BiH o učešću u izvršnoj vlasti u FBiH. NSRZB inače predlaže i ukidanje kantona u FBiH.	DA		NE		NE	NSRzB se zalaže za ukidanje kantona i jačanje lokalne samouprave, a ovi stavovi su u suprotnosti sa uspostavljanjem trećeg entiteta.	DA	Budući da se NsRZB zalaže za ukidanje kantona i jačanje lokalne samouprave, ukoliko bi došlo do reorganizacije BiH na način da obuhvata i RS, ova stranka bi bila za.	NE	NSRzB se zalaže za ukidanje kantona i jačanje lokalne samouprave, a ovi stavovi su u suprotnosti sa uspostavljanjem dvije izborne jedinice u FBiH.	NE		DA	Stranke koje su bile u Predstavničkom domu PS BiH u aprilu 2005. godine su glasale za ovaj prijedlog. Među ovim strankama je bila i NSRzB, koja nije imala svoje delegate u Domu naroda od tada.	DA	Delegati Narodne stranke Radom za boljitak podržali su Prijedlog zakona o medicinski potpomognutoj oplodnji, na 31. sjednici Predstavničkog doma Parlamenta FBiH koja se održala u junu 2014. godine.	DA	Delegat Jerko Ivanković‐Lijanović je na 77. sjednici Predstavničkog doma Parlamentarne skupštine BiH glasao za uvođenje Prijedloga zakona o zabrani svih fašističkih i neofašističkih organizacija i upotrebe njihovih simbola u Bosni i Hercegovini. 	DA	Prilikom glasanja o Izmjenama Zakona o zaštiti i dobrobiti životinja poslanik NSRZB u Predstavničkom domu PSBiH je glasao za predložene izmjene.	DA	Poslanici NSRzB su u martu 2014. godine glasali za prijedlog zakona koji rješava ovo pitanje u Predstavničkom domu PS BiH.	DA	NSRzB je politička partija koja participira u radu Vlade FBiH čiji premijer je stavljao svoj potpis na sve memorandume o razumijevanju i ugovore o stand by aranžmanu sa MMF-om. Ovaj stand by aranžman je korišten za popunjavanje budžetskog deficita.	NE	Tokom februarskih protesta više zvaničnika NSRzB je izjavilo da su protesti socijalnog karaktera.	DA		DA		DA		NE		NE		NE	Škole u Republici Srpskoj imaju svoju krsnu slavu, tako da o izbacivanju vjeronauke iz prosjeka ocjena u RS nema ni govora u programima partija iz RS.	DA	NSRZB je kao dio Platforme za promjene, na osnovu koje je formirana Vlada FBiH, imao obećanje o ukidanju prakse dvije škole pod jednim krovom.	NE	U Narodnoj stranci radom za boljitak smatraju da pitanje TV kanala na hrvatskom jeziku nije najvažnije što se treba riješiti unutar Javnog servisa BiH. 	DA	NSRzB je dio Vlade koja je donijela ovakav Prijedlog zakona.	DA	Vlada FBiH, koju čine SDA, SDP, HSP i NSRzB je u julu 2014. godine usvojila Nacrt zakona o obaveznom zdravstvenom osiguranju koji je u skladu sa ovim pitanjem.	NE		DA	Prema pisanju Centra za istraživačko novinarstvo, zvaničnici NSRzB u Vlasti su u više navrata dijelili diskreciona sredstva bez jasnih procedura.	NE	NSRZB je 2010. godine, u okviru Platforme za promjene, na osnovu koje je i formirana Vlada FBiH, imao predizborno obećanje o uvođenju diferencirane stope PDV-a, međutim u toku aktuelnog mandata stope PDV-a nisu izmijenjene.	NE		DA		DA		NE		DA	
	DNS	865568		DA	DNS je politička partija koja nije učestvovala u pregovorima o implementaciji odluke Evropskog suda za ljudska prava u predmetu "Sejdić i Finci protiv BiH", ali kako ova partija učestvuje u radu Vlade RS zajedno sa SNSD-om njihov politički stav je približan ovoj partiji.	NE	U DNS-u smatraju da su Tužilaštvo i Sud BiH pristrasni i da nedovoljno rade svoj posao, te se zalažu za njihovo ukidanje, kao i za ukidanje ili reduciranje ostalih zajedničkih institucija u BiH.	DA		DA	Stav DNS-a, ponovljen više puta u izjavama zvaničnika te stranke je da je pitanje trećeg entiteta pitanje koje se u FBiH treba rješavati u okviru Washingtonskog sporazuma. 	NE	Sve stranke iz Republike Srpske, pa tako i SDS se zalažu za očuvanje RS-a i njenog teritorijalnog integriteta.	DA	DNS smatra da je rješavanje problema Hrvata u FBiH unutrašnje pitanje FBiH, te ukoliko bi se stvorile pretpostavke oko takvog vida organizovanja DNS bi podržao takvo rješenje.	DA		NE	Stranke koje su bile u Predstavničkom domu PS BiH u aprilu 2005. godine su glasale za ovaj prijedlog. Među ovim strankama je bio i DNS, ali budući da je ovaj amandman na Ustav od tada u Domu naroda u kojem DNS ima svoje delegate u protekla dva mandata, smatra se da je protiv ovog amandmana.  	DA	U Republici Srpskoj pitanje sufinansiranja vantjelesne oplodnje je zakonski uređeno i parovi imaju pravo na dva potpomognuta pokušaja o trošku zdravstvenog osiguranja.	NE	Predstavnica DNS-a Ljiljana Milašin je na 77. sjednici Predstavničkog doma Parlamentarne skupštine BiH glasala protiv uvođenja Prijedloga zakona o zabrani svih fašističkih i neofašističkih organizacija i upotrebe njihovih simbola u Bosni i Hercegovini.  	DA	Prilikom glasanja o Izmjenama Zakona o zaštiti i dobrobiti životinja poslanik DNS-a u Predstavničkom domu PSBiH je glasao za predložene izmjene.	NE	Poslanici DNS su u martu 2014. godine glasali protiv prijedloga zakona koji rješava ovo pitanje u Predstavničkom domu PS BiH.	DA	Tokom rasprave o Zakonu o dugoročnom zaduživanju RS poslanici DNS-a u NSRS su bili za usvajanje ovog zakona.	DA	Tokom i nakon februarskih protesta više zvaničnika DNS-a je dalo izjave da su protesti upereni na rušenje Republike Srprke.	DA		NE		NE		DA	Vlada RS, čiji je DNS član je provodila projekat Gornji Horizonti, koji je zbog štetnosti po okolinu zaustavila EU.	DA		DA	Škole u Republici Srpskoj imaju svoju krsnu slavu, tako da o izbacivanju vjeronauke iz prosjeka ocjena u RS nema ni govora u programima partija iz RS.	NE		DA	Izmjene i dopune Zakona o JRT sistemu BiH na Vijeću ministara usvojene još 11. januara 2013. godine, a u parlamentarnu proceduru upućene su nakon petnaest mjeseci 14. aprila 2014. godine. Komisija za saobraćaj i komunikacije Predstavničkog doma Parlamentarne skupštine BiH na 31. sjednici nije danas u Sarajevu podržala Prijedlog zakona o izmjenama i dopunama Zakona o Javnom RTV sistemu BiH, kojim se predviđa uvođenje RTV kanala na hrvatskom jeziku.  Za principe ovog zakonskog prijedloga glasao je predstavnik DNS-a Petar Kunić. 	DA	DNS je dio Vlade koja priprema ovaj zakon u RS.	NE	Stranke iz RS su protiv bilo kakvog vida centralizacije.	NE		DA		NE		NE		DA		DA	Vlada RS, u čijem radu učestvuje i DNS, je poput Vlade FBiH, koncesiju za istraživanja nalazišta nafte u RS dodijelila ruskoj kompaniji Gazprom bez ikakve prethodno raspisane tenderske procedure.	DA		NE	
	PDP 	623962		NE		NE	U PDP-u smatraju da Tužilaštvo i Sud BiH nedovoljno rade svoj posao, te se zalažu za njihovo ukidanje.	DA		NE	U intervjuu za Oslobođenje, generalni sekretar PDP-a Igor Crnadak je izjavio da se SNSD zalaže za treći entitet dok je PDP protiv toga.	NE	Sve stranke iz Republike Srpske, pa tako i SDS se zalažu za očuvanje RS-a i njenog teritorijalnog integriteta.	NE	Prema izjavama zvaničnika PDP-a oni smatraju da je bilo kakva reorganizacija FBiH, u vidu trećeg entiteta ili uvođenja druge izborne jedinice u FBiH, opasna i pogubna politika.	DA		NE	Stranke koje su bile u Predstavničkom domu PS BiH u aprilu 2005. godine su glasale za ovaj prijedlog. Među ovim strankama je bila i PDP, ali budući da je ovaj amandman na Ustav od tada u Domu naroda u kojem PDP ima svoje delegate u protekla dva mandata, smatra se da je protiv ovog amandmana.  	DA	U Republici Srpskoj pitanje sufinansiranja vantjelesne oplodnje je zakonski uređeno i parovi imaju pravo na dva potpomognuta pokušaja o trošku zdravstvenog osiguranja.	NE	Predstavnik PDP-a Branko Dokić  je na 77. sjednici Predstavničkog doma Parlamentarne skupštine BiH glasao protiv uvođenja Prijedloga zakona o zabrani svih fašističkih i neofašističkih organizacija i upotrebe njihovih simbola u Bosni i Hercegovini.  	NE	Prilikom glasanja o Izmjenama Zakona o zaštiti i dobrobiti životinja poslanica DNS-a u Predstavničkom domu PSBiH je glasala protiv predloženih izmjena.	NE	Poslanici PDP su u martu 2014. godine glasali protiv prijedloga zakona koji rješava ovo pitanje u Predstavničkom domu PS BiH.	NE	Tokom rasprave o Zakonu o dugoročnom zaduživanju RS poslanici PDP-a u NSRS su smatrali da se treba stati sa zaduživanjem ovog entiteta.	NE	Predjednik PDP-a Mladen Ivanić je tokom i nakon februarskih protesta dao više izjava u kojima je naglasio da su protesti u BIH socijalnog karaktera.	DA		NE		NE		NE		DA		DA	Škole u Republici Srpskoj imaju svoju krsnu slavu, tako da o izbacivanju vjeronauke iz prosjeka ocjena u RS nema ni govora u programima partija iz RS.	DA		NE	Predsjednik PDP-a Mladen Ivanić smatra da je pitanje uvođenja javnog TV kanala na hrvatskom jeziku unutrašnji problem u FBiH.	NE		NE	Stranke iz RS su protiv bilo kakvog vida centralizacije.	NE		NE		DA		DA		NE		NE		DA		DA	
	DNZ	876585		DA	Može, ali nije isključivo neophodno.  Objektivno, ustavna neravnopravnost naroda i “ostalih” u BiH je očita, što je potvrđeno i presudama Evropskog suda za ljudska prava u Strazburu, a kada i kako će se ista otkloniti ovisi od spremnosti aktuelne ili neke druge parlamentarne većine da o tome postigne konsenzus i obezbijedi kvalifikovanu većinu za promjene Ustava BiH u ovome kontekstu.   Idealno i poželjno bi bilo da se ova i druga pitanja što prije rješavaju širim promjenama Ustava BiH i DNZ BiH nema dileme o tome da je ove i druge izmjene u Ustavu BiH potrebno uraditi što prije i podrška DNZ BiH u tom pogledu nije upitna.  Isto tako ova i druga pitanja moguće je rješavati po principu “korak po korak”, ali bi to, sa političkim partnerima kakvi su ovi poslijeratni u BiH, značilo da su ova pitanja do daljnjeg “na čekanju”.   DNZ BiH uslove za brzo rješavanje ovog i drugih Ustavnih izmjena vidi u promjeni vlasti koja je to spremna sama dogovoriti i napraviti ili u pritiscima, odnosno “zavrtanju ruke” od strane međunarodne zajednice, a prije svega Evropske unije.  )	DA	U DNZ-u smatraju da jačanjem Suda i Tužilaštva, borba protiv kriminala i korupcije, procesuiranje ratnih zločina i pravna država dobivaju na ozbiljnosti i značaju.	DA	U DNZ-u smatraju da je ovo pitanje je predmet nepotrebnog politiziranja, JMBG je svojevrstan identifikacijski broj građana i mjesto rođenja je njegova bitna sastavnica, ali ako je to kamen spoticanja, treba naći model da to vremenom praktično postane pitanje koje se rješava po uzoru na druge zemlje koje su to kvalitetno uredile, ili po sistemu kako je to u BiH urađeno sa registarskim oznakama za automobile .  	NE	DNZ smatra da jedino racionalno rješenje za BiH u ovom vremenu i ambijentu je teritorijalni preustroj BiH na principima ekonomskih regija koje bi se formirale uvažavajući kriterije koji su primjereni principima ustroja Euro-regija i uvažavajući demografske, geografske, kulturološke i druge specifičnosti BiH. 	DA	Asimetrična rješenja teritorijalne reorganizacije BiH objektivno su potencijalni izvor novih političkih i drugih nesporazuma i nestabilnosti, stav je DNZ-a.	NE	DNZ BiH programski zagovara građansko društvo i smatramo da izbore bazirane na etničkom principu postepeno treba ustavno transformisati u izbore bazirane na principima građanske demokratije.  Uz puno uvažavanje etničke ravnopravnosti i etničkih prava, DNZ BiH smatra da je svaki oblik etničkog prebrojavanja krvnih zrnaca za BiH novi izvor političke nestabilnosti.	DA	DNZ BiH smatra da je prebivalište građana kategorija koja sama po sebi zahtjeva kontrolu i ozbiljniji pristup u odnosu na pristup kakav se zagovara ili u odnosu na sadašnji odnos prema ovom pitanju.  Smatraju da je i u ovome segmentu primjena evropskih standarda način rješavanja ovoga pitanja, a sve drugo je politiziranje i korištenje ovog pitanja u dnevno-političke svrhe. 	DA	Stranke koje su bile u Predstavničkom domu PS BiH u aprilu 2005. godine su glasale za ovaj prijedlog. Među ovim strankama je bila i DNZ, koja nije imala svoje delegate u Domu naroda od tada.	DA	Zastupnica iz DNZ-a dr. Hafeza Sabljaković je na 31. sjednici Predstavničkog doma Parlamenta FBiH koja se održala u junu 2014. godine podržala Prijedlog zakona o liječenju neplodnosti biomedicinski potpomognutom oplodnjom. 	DA	Na 77. sjednici Predstavničkog doma Parlamentarne skupštine BiH delegat DNZ-a Rifat Dolić glasao je za Prijedlog zakona o zabrani svih fašističkih i neofašističkih organizacija i upotrebe njihovih simbola u Bosni i Hercegovini. 	NE	Prilikom glasanja o Izmjenama Zakona o zaštiti i dobrobiti životinja poslanik DNZ-a u Predstavničkom domu PSBiH je bio suzdržan.	DA	Poslanici DNZ su u martu 2014. godine glasali za prijedlog zakona koji rješava ovo pitanje u Predstavničkom domu PS BiH.	NE	Apsolutno i rezolutno NE, jer za DNZ BiH je svako daljnje zaduživanje BiH u svrhu pokrivanja budžetskih dubioza i u svrhu javne potrošnje neprihvatljivo i vodi BiH u dužničko ropstvo.   Nekontrolisano i političko zaduživanje je BiH dovelo u grupu zemalja u svijetu sa najvećim rizikom od bankrota, upravo iz razloga što je zaduživanje korišteno za pokrivanje budžetskih dubioza i za kupovinu socijalnog mira, umjesto da se pristupilo sveobuhvatnim reformama i stvaranju uslova za funkcioniranje modela realne potrošnje.   Svako novo zaduživanje BiH mora počivati na ekonomskoj opravdanosti i realnim uslovima za vraćanje kredita, a ne na političkim ciljevima i motivima, koji su bili dominantni u dosadašnjem progresivnom rastu zaduženosti BiH.	NE	U DNZ-u BiH smatraju da su protesti građana u februaru 2014.godine bili izraz opravdanog nezadovoljstva stanjem u BiH i sa radom aktuelne vlasti.  Rušenje ustavnog poretka bila je samo parola kojom su aktuelne vlasti zastrašivale organizatore protesta i nezadovoljne građane u namjeri da zaustave eskalaciju građanskog nezadovoljstva. 	NE	U DNZ-u smatraju da je logično na ovo pitanje odgovoriti sa “NE”, iako odluku o tome koga će kandidirati za javne funkcije donose političke stranke, a građani i birači su oni koji na izborima daju ili ne daju povjerenje strankama i kandidatima, na osnovu svojih percepcija o njihovom ponašanju, njihovoj sposobnosti i odgovornosti prema biračima.   	DA	U DNZ-u smatraju da je priznavanje Palestine kao države od strane BiH pitanje solidarnosti sa obespravljenim, stradalim i progonjenim narodom Palestine i pitanje poštivanja elementarnih ljudskih prava prema ovom narodu. 	DA	U DNZ-u smatraju da institucije kulture od značaja treba finansirati iz budžeta BiH, ali opće ekonomsko stanje u BiH, svakako, i u ovome segmentu zahtjeva maksimalnu racionalizaciju i stvaranje uslova za što veće učešće vlastitih prihoda u ukupnim sredstvima i prihodima potrebnima za funkcioniranje Institucija kulture od značaja.   	NE	U DNZ-u smatraju da uz puno uvažavanje značaja energije, zdravlje čovjeka, gledano kroz lupu zaštite životne sredine mora imati prioritet u odnosu na energetske projekte.	NE	U DNZ-u su stava da je privatizacija državnih kompanija poželjna, ali ne svih i ne po svaku cijenu.	NE	U DNZ-u smatraju da je vjera privatna stvar čovjeka i izučavanje vjeronauka mora biti stvar volje učenika i roditelja, a ulazak vjeronauka u prosjek ocjena u takvim okolnostima nije opravdano i potrebno.	DA	Apsolutno DA, jer to je ne samo neracionalno, već je to u današnjem vremenu i prava civilizacijska sramota.	DA	U DNZ-u smatraju da je ovo pitanje predmet politiziranja, a praktično je danas uvođenje javnog TV kanala na hrvatskom jeziku suvišno, ali, ako će to smiriti tenzije DNZ ne vidi razlog zašto ne otkloniti i ovaj izvor nezadovoljstva i politiziranja ovim pitanjem.  	NE	Objektivno, u ovome momentu nisu toliko sporni kolektivni ugovori sa radnicima i sindikatima u proizvodnom sektoru i tu su i zahtjevi poslodavaca za eventualne korekcije minimalni.  Sporni su Kolektivni ugovori sa radnicima i sindikatima u državnoj upravi i javnom sektoru i tu je neophodno izvršiti korekcije, bez kojih značajnija racionalizacija javne potrošnje praktično nije moguća.  Kako sada stvari stoje radnici u državnoj upravi i javnom sektoru su višestruko privilegovani i zaštićeni u odnosu na radnike u privredi koji trenutno, uz penzionere, jedini istinski nose teret ekonomske krize, stav je DNZ-a.  	DA	U DNZ-u smatraju da je zdravstvena zaštita građana jedno od prioritetnih pitanja socijalne politike države, a način kako je to trenutno uređeno u BiH nije racionalano, niti zadovoljava elementarna pitanja socijalne pravde za sve građane. 	NE	Kandidatske liste nije opravdano zatvarati, iako je potrebno sistemski sprečavati njihovu zloupotrebu, stav je DNZ-a.	NE	DNZ ističe da je način na koji se dijele diskreciona sredstva pod plaštom “budžetske rezerve” čisto privatni i stranački fond za kupovinu povjerenja i dodatni izvor za finansiranje političkih stranaka. Smatraju da se instrument “budžetske reserve” zloupotrebljava, da su ova sredstva previsoka i da nije primjereno da se “dodjela” ovih sredstava vrši na ovakav način.	NE	Smatramo da čelnici institucija koje dobiju najmanje dva uzastopna negativna revizorska mišljenja netrebaju podnijeti ostavku, jer to sami nikada neće učiniti, već trebaju biti smijenjeni od strane osnivača, tijela koje ih je izabralo ili po sili zakona.	DA	Apsolutno DA i to je jedan od dokazanih i najučinkovitijih mehanizama borbe protiv pranja novca, crnog tržišta i sive ekonomije, stav je DNZ-a.	NE	Nažalost, u BiH je bukvalno sve politizirano, pa i stanje tzv. Sukoba interesa.  Politiziranje sukoba interesa pojavljivalo se i u vrijeme kada su ingerencije oko njegovog utvrđivanja bile na CIK-u BiH, jer su i članovi CIK-a predstavnici političkih stranaka. Prenošenjem nadležnosti utvrđivanja sukoba interesa na Parlamentarnu skupštinu BiH i skupštinsku komisiju, objektivno, suzbijanje sukoba interesa je devalvirano i praktično uklonjeno kao jedan od mehanizama za suzbijanje korupcije u Institucijama vlasti u BiH. Daleko bolje i efikasnije rješenje, uz potrebu dogradnje, je ranije rješenje, kada su sukob interesa utvrđivali CIK BiH i Sud BiH, kao drugostepeni organ, stav je DNZ-a.  	NE	Prirodni resursi su nacionalno bogatstvo države i to je razlog više da se sa svakim korakom u njihovoj eksploataciji postupa odgovorno, javno i transparentno, stav je DNZ-a.	DA	Apsolutno DA i to je jedan od osnovnih ciljeva od kojih treba polaziti uz puno uvažavanje potrebe za efikasnijom javnom upravom.  Za troškove Javne uprave izdvajaju se ogromna sredstva koja su prioritetno i daleko potrebnija u razvoju, poticajima zapošljavanja ili za neka druga prioritetna ulaganja. Javna potrošnja u BiH je vreća bez dna i to je jedan od razloga budžetskih dubioza i progresivnog zaduživanja BiH. Nije nikakva tajna da je javna uprava u BiH postala država u državi i da su moćna interesna grupacija koja trenutno pruža najveći otpor reformama u BiH.   	DA	EU integracije su u slučaju BiH toliko važne i značajne da se za BiH može govoriti o imperativu za ispunjavanje uslova za ulazak BiH u iste. Prirodno je i normalno da ulaskom u EU integracije i svaki oblik udruživanja subjekti, u konkretnom slučaju, države, dakle i predstavnici konstitutivnih naroda, dobivaju uticaj na neka pitanja u okviru odlučivanja u tijelima UE, ali i gube uticaj u nekim segmentima i pitanjima koji su imale, ili imaju, u institucijama matične države. Jedan od velikih uzroka zaostajanja BiH u svim segmentima je zaostajanje u izvršavanju uslova za prijem u članstvo u EU integracije i koliko god ni u EU ne teče med i mlijeko BiH nema alternativu priključivanju i članstvu u EU integracije, stav je DNZ-a.  
	HSP	169556		DA	HSP BiH smatra kako se pitanje Sejdić-Finci kao i druga pitanja mogu realizirati samo preustrojem "ove i ovakve BiH". Zvaničan stav ove partije je da se u prvoj fazi promjene ustroja Federacije BiH zalažu za utemeljenje vele-županije s hrvatskom većinom gdje bi pitanje Sejdić-Finci bilo apsurdno, jer bi vele-županija bila multietničkom.	DA	Predsjednik HSP-a Zvonko Jurišić nije podržao predstavnike iz RS koji su inicirali Prijedlog zakona o prestanku važenja Zakona o Sudu i Tužilaštvu BiH.	DA		DA	Stav HSP-a je da bi treći entitet u BiH trebao obuhvatati i Srednju Bosnu.	DA	HSP se zalaže za treći entitet i na teritoriji koja pripada RS-u.	NE		NE		NE	Stranke koje su bile u Predstavničkom domu PS BiH u aprilu 2005. godine su glasale za ovaj prijedlog. Među ovim strankama je bio i HNS, ali budući da je ovaj amandman na Ustav od tada u Domu naroda u kojem HSP ima svoje delegate u protekla dva mandata, smatra se da je protiv ovog amandmana.  	NE	/	NE	/	DA		DA	Poslanici HSP-a su u martu 2014. godine glasali za prijedlog zakona koji rješava ovo pitanje u Predstavničkom domu PS BiH.	DA	HSP je politička partija koja participira u radu Vlade FBiH čiji premijer je stavljao svoj potpis na sve memorandume o razumijevanju i ugovore o stand by aranžmanu sa MMF-om. Ovaj stand by aranžman je korišten za popunjavanje budžetskog deficita.	NE	Zvaničnici HSP-a su tokom i nakon februarskih protesta dali više izjava da su protesti u BiH socijalnog karaktera.	NE		DA		DA		NE		NE		DA		DA	HSP je kao dio Platforme za promjene, na osnovu koje je formirana Vlada FBiH, imao obećanje o ukidanju prakse dvije škole pod jednim krovom.	NE	Predsjedsjednik HSP-a Zvonko Juršić je više puta u javnosti isticao da ne podržava ovaj prijedlog zbog niza nelogičnosti, isticao je pitanje mogućnosti finansiranja takvog kanala.	DA	HSP je dio Vlade koja je donijela ovakav Prijedlog zakona.	NE	Vlada FBiH, koju čine SDA, SDP, HSP i NSRzB je u julu 2014. godine usvojila Nacrt zakona o obaveznom zdravstvenom osiguranju koji je u skladu sa ovim pitanjem.	DA		DA	Prema pisanju Centra za istraživačko novinarstvo, zvaničnici HSP-a u Vlasti su u više navrata dijelili diskreciona sredstva bez jasnih procedura.	NE	HSP je 2010. godine u okviru Platforme za promjene, na osnovu koje je i formirana Vlada FBiH, imao predizborno obećanje o uvođenju diferencirane stope PDV-a, međutim u toku aktuelnog mandata stope PDV-a nisu izmijenjene.	DA		DA		DA		NE		DA	
	SBiH	221512		NE		DA	U periodu kada su SNSD i SDS inicirali Prijedlog zakona o prestanku važenja Zakona o Sudu i Tužilaštvu BiH, predstavnici Stranke za BiH su bili stava da je neprihvatljivo ukidanje ovog Zakona.	NE		NE	Bošnjačke stranke su generalno protiv bilo kakvog daljeg cijepanja BiH, samim time i Federacije.	DA	Bošnjačke stranke bi pristale na reorganizaciju BiH jedino ukoliko bi uključivala i RS.	NE	Bošnjačke stranke, pa i SBiH su protiv bilo kakvog restruktuiranja FBiH, bilo ono teritorijalno ili restruktuiranja izbornih jedinica.	NE		NE	Stranke koje su bile u Predstavničkom domu PS BiH u aprilu 2005. godine su glasale za ovaj prijedlog. Među ovim strankama je bila i SBiH, ali budući da je ovaj amandman na Ustav od tada u Domu naroda u kojem SBiH ima svoje delegate u protekla dva mandata, smatra se da je protiv ovog amandmana.  	NE	Delegati iz Stranke za BiH su na 31. sjednici Predstavničkog doma Parlamenta FBiH koja se održala u junu 2014. godine podržali Prijedlog zakona o liječenju neplodnosti biomedicinski potpomognutom oplodnjom. 	DA	Delegati Stranke za BiH su na 77. sjednici Predstavničkog doma Parlamentarne skupštine BiH glasali za Prijedlog zakona o zabrani svih fašističkih i neofašističkih organizacija i upotrebe njihovih simbola u Bosni i Hercegovini. 	NE	Prilikom glasanja o Izmjenama Zakona o zaštiti i dobrobiti životinja poslanici SBiH u Predstavničkom domu PSBiH su glasali protiv predloženih izmjena.	NE	Poslanici SBiH su u martu 2014. godine glasali protiv prijedloga zakona koji rješava ovo pitanje u Predstavničkom domu PS BiH.	DA		DA	Više zvaničnika SBiH je dalo izjave kako su ovi protesti usmjereni na rušenje ustavnog poretka BiH.	DA		DA		DA		DA	SBiH je bila člancia Vlade FBiH koja se zalagala za izgradnju hidrocentrala.	NE		DA		DA		NE	/	NE		DA		NE		DA		NE		NE		NE		DA		NE		DA	
	BOSS	199583		DA		DA		NE		NE		DA		NE		DA		DA		DA	/	DA	/	NE		DA		NE		NE		NE		DA		DA		NE		DA		NE		DA		DA	/	NE		DA		DA		NE		DA		DA		NE		NE		DA		DA	
	PS	787035		NE	Hrvatsko pitanje nema direktne veze s pitanjem Sejdić i Finci. Ono je postojalo i od ranije i lako je moguće da hrvatsko pitanje ostane i dalje pod znakom pitanja, a da se u međuvremenu pitanje Sejdić i Finci riješi. A vrijedi i obrnuto.	DA		NE	U Posavskoj stranci smatraju da su zahtjevi za entitetsko prepoznavanje građana kroz JMBG klasično političko pitanje koje nameću disolucijske snage u BiH. 	NE	U Posavskoj stranci smatraju da je uspostava trećeg entiteta po mjeri HDZ BiH veliki korak ka razbijanju BiH. Stava su da  treći entitet sam po sebi nije bauk, kao što ne mora biti bauk ni Republika Srpska ili teritorijalna jedinica u BiH s bošnjačkom većinom. Administrativna teritorijalna podjela na entitetskom principu može biti jedno od rješenja za Bosnu i Hercegovinu, ali ta podjela mora biti pravična uz punu suverenost BiH kao države, stav je PS-a.	DA	Apsolutno DA. Sve druge reorganizacije BiH za Posavsku stranku su apsolutno neprihvatljive i nikada neće biti dio rješenja. Pa Bosna i Hercegovina i jeste postala problem jednostranim stvaranjem Republike Srpske. Republika Srpska kao volja srpskog naroda ne mora biti problem, ali ta njihova volja ne mora i ne smije biti implementirana na štetu bilo koga u BiH.	NE	U Posavskoj stranci smatraju da podjela na izborne jedinice na etničkom principu dovodi do novih nepravdi odnosno nejednake "vrijednosti" glasova (unutar istog naroda) iz različitih izbornih jedinica. 	NE		DA	U Posavskoj stranci smatraju da je ova odredba sramotna, te da je poterbno ukinuti.	DA	U Posavskoj stranci smatraju da zdravstveno osiguranje treba pokrivati sve troškove vezane za zdravstvo, pa tako i umjetnu oplodnju.	DA	/	NE	Uzmemo li u obzir činjenicu da se svakodnevno na najsvirepije načine ubije na milijune životinja ova zaštita pasa lutalica može zazvučati i licemjerno, ali... Većinu životinja uzgajamo i ubijamo s određenom svrhom. Uglavnom zbog prehrane. Držanje pasa (osim specijalnih i dresiranih pasmina) je uglavnom izgubilo nekadašnju svrhu zaštite, čuvanja i sl. Neodgovornost ljudi nije i ne može biti razlog za ubijanje tih životinja. Problem svakako postoji ali treba suditi ljudima, a ne životinjama. Zakonom treba regulirati (i provoditi) oštre kazne prema građanima koji neodgovorno proizvode pse lutalice. Slična stvar je i sa zaštitom okoliša. Dok se ne budu strogo kažnjavali krivci živjet ćemo u smeću, okruženi psima lutalicama...	DA		DA	Još jedno od pitanja na koja je nemoguće odgovoriti samo sa "da" ili "ne".  U nekakvim normalnim okolnostima odgovor bi svakako bio "ne". Međutim, u sadašnjim okolnostima zaduženje države znači i njenu opstojnost. Pitanje BiH je utrka s vremenom. Pitanje je tko će duže izdržati? Oni koji ne žele nikakvu BiH ili oni koji ju žele pod svaku cijenu? Dok se ova "borba" ne završi, zaduženje je ta visoka cijena koja očito mora biti plaćena. Najmanji problem bi bio kada bi se ta sredstva usmjerila u proizvodnju i stvaranje novih vrijednosti, ali sredstva plasirana u potrošnju su rak rana države. Pitanje je može li ova država i njeni građani preživjeti do nekog "normalnog rješenja"?	NE	U PS-u su mišljenja da je opravdani gnjev i socijalno nezadovoljstvo građana iskorišteno za mafijaško-političke obračune.	DA		NE		DA		NE		DA		DA	U PS-u smatraju da vjeronauka treba biti ocjenjivana opisnom ocjenom koja samim time ne bi ulazila u prosjek ocjena. 	DA	Nakaradni model nazvan "dvije škole pod jednim krovom" je politička rugoba apsolutno neprimjerena Europi u 21. stoljeću u kojoj se djecu "od ulaznih vrata" uči nakaradnim životnim vrijednostima i, ustvari, vrši "pred-obuka" topovskog mesa za neke buduće ratove. Većina škola u ovoj zemlji je, više ili manje, "mješovita" (iako u svu idu samo djeca) i postoji X primjera koji pokazuju da se neke programske i nastavne specifičnosti, ako su već "nužnost" mogu realizirati i bez toga da djeca moraju biti (i bukvalno) podijeljena žicom. Pitanje je samo kada će roditelji izabrati političare koji neće brinuti o osobnoj nego o budućnosti njihove djece.	DA	/	NE		DA	Svaki građanin u državi mora imati adekvatnu zdravstvenu zaštitu, stav je Posavske stranke, te su mišljenja da su zdravstvene usluge u većem dijelu države BiH ispod razine te da država po tom pitanju mora učiniti daleko najviše.	NE	U Posavskoj stranci smatraju da zatvorene liste manjim strankama bitno zatvaraju širinu djelovanja. 	NE	U Posavskoj stranci protiv su ovakvih principa, smatraju da ove aktivnosti moraju biti transparentne.	NE	Apsolutno NE. Prije svega diferenciranu stopa PDV-a ima smisla uvoditi u visokorazvijenim država s izgrađenom kulturom i principijelnošću svih građana i subjekata koji sudjeluju u ekonomskim i financijskim procesima u državi. U neuređenoj i korumpiranoj državi kakva je BiH diferencirana stopa PDV-a značila bi fiskalno samoubojstvo i manjak od najmanje milijardu maraka, a možda i više u državnom proračunu. Naš mentalitet i slabo provođenje velikog broja zakona uz neodgovornost i bahatost odgovornih osoba s diferenciranom stopom PDV-a pružaju izvrsnu šansu za mešetarenje i zloupotrebe. Primjerice u jednoj trgovini mješovite robe (nećemo navoditi podatke) otkriveno je da je 80% cjelokupne robe knjiženo kao dječja hrana. Na dječju hranu nije plaćan porez. Pa su jasni pokazatelji koliko je samo ova mala trgovinica uštinula od države. Iza ovako nečasne rabote ove trgovine stajao je politički lobi. I sve to potvrđuje naš gornji stav da mi jednostavno nismo zrelo društvo za više od jedne stope PDV-a. Kada sazrijemo onda ćemo moći govoriti od diferenciranoj stopi PDV-a.	DA	/	NE	/	NE	Svaka eksploatacija prirodnih resursa mora proći tendersku proceduru, stav je Posavske stranke.	DA	U Posavskoj stranci smatraju da smanjenje administracije kao i opsežna i temeljita reforme javne uprave moraju radikalizirati obim administrativnog korpusa koji je uz svoju glomaznost krajnje neučinkovit i nedjelotvoran. 	DA	/
	SP RS	265235		DA	SPRS je politička partija koja nije učestvovala u pregovorima o implementaciji odluke Evropskog suda za ljudska prava u predmetu "Sejdić i Finci protiv BiH", ali kako ova partija učestvuje u radu Vlade RS zajedno sa SNSD-om njihov politički stav je približan ovoj partiji.	NE	Petar Đokić, predsjednik Socijalističke partije smatra da su opravdane inicijative SNSD-a i SDS-a o rekonstrukciji institucija Suda i Tužilaštva BiH. 	DA		DA	Stav SP RS je da je ovo unutrašnje pitanje Federacije, ali budući da podržavaju borbu hrvatskog naroda za ravnopravnost, može se zaključiti da su za stvaranje trećeg entiteta.	NE	Sve stranke iz Republike Srpske, pa tako i SP RS se zalažu za očuvanje RS-a i njenog teritorijalnog integriteta.	DA	SP RS smatra da je rješavanje problema Hrvata u FBiH unutrašnje pitanje FBiH, te ukoliko bi se stvorile pretpostavke oko takvog vida organizovanja SP RS bi podržao takvo rješenje.	DA		NE		DA	U Republici Srpskoj pitanje sufinansiranja vantjelesne oplodnje je zakonski uređeno i parovi imaju pravo na dva potpomognuta pokušaja o trošku zdravstvenog osiguranja.	NE	/	NE		NE	Poslanici SP RS su u martu 2014. godine glasali protiv prijedloga zakona koji rješava ovo pitanje u Predstavničkom domu PS BiH.	DA	Kao partija koja participira u radu Vlade RS-a učestvovali su u izradama prijedloga Zakona o dugoročnom zaduživanju RS.	DA	Zvaničnici SP RS su tokom i nakon februarskih protesta više puta dali izjave da su protesti usmjereni na rušenje RS-a.	DA		NE		NE		DA		DA		DA	Škole u Republici Srpskoj imaju svoju krsnu slavu, tako da o izbacivanju vjeronauke iz prosjeka ocjena u RS nema ni govora u programima partija iz RS.	NE		DA	/	DA	SP RS je dio Vlade koja je pripremala sporni Prednacrt zakona o radu u RS.	NE	Stranke iz RS su protiv bilo kakvog vida centralizacije.	DA		DA		NE		DA		DA		DA	Vlada RS, u čijem radu učestvuje i SPRS, je poput Vlade FBiH, koncesiju za istraživanja nalazišta nafte u RS dodijelila ruskoj kompaniji Gazprom bez ikakve prethodno raspisane tenderske procedure.	DA		NE	
	NS	945787		NE	“Hrvatsko pitanje” je koncept koji Naša stranka ne prihvaća. Ukoliko su pripadnici hrvatske etničke skupine diskriminisani, onda bi prvi potez trebao biti podnošenje tužbe na način na koji su to drugi diskriminisani građani činili. Model rješavanja svih problema diskriminacije u izbornom procesu ne može biti parcijalan, ili povezan sa jednom etničkom skupinom, već sveobuhvatan. Politika Naše stranke je izmjena Ustava BiH na način da se jedan predsjednik BiH bira u Parlamentu BiH, po sistemu rotacije, kao i da se nadležnosti ovog organa svedu na minimum, odnosno organ učini potpuno simboličnim.	DA	U Našoj stranci smatraju da je postojanje i jačanje sudskih i tužilačkih institucija na državnom nivou neophodno za garantovanje jednakosti svih građanki i građana BiH pred zakonom.	DA	U Našoj stranci smatraju da podaci koje u šifrovanoj formi sadrži JMB treba da uključuju sve relevantne statusne činjenice o osobi na koju se odnose, pa i administrativnu jedinicu rođenja. 	NE	Politička filozofija Naše stranke je ukidanje svih neefikasnih i ekonomski neodrživih administrativnih i teritorijalnih podjela u BiH. Smatraju da bi uspostava trećeg entiteta učinila upravo suprotno.   	NE	Naša stranka je stanovišta da je reorganizacija BiH neophodna i da mora obuhvatiti oba entiteta. Smatraju da bi koristan korak ka tom cilju bila reorganizacija i regionalizacija FBiH, kojom bi se organizovao efikasan ekonomski i administrativni sistem.   	NE	Naša stranka se protivi ustavnom konceptu “konstitutivni narodi”, te im je neprihvatljivo da njihovi pripadnici imaju veća ili druga prava u odnosu na one građane koji ne pripadaju narodima koji su sebe samoproglasili “konstitutivnim”.   	DA	U Našoj stranci smatraju da kontrola prebivališta mora biti organizirana u skladu sa EU legislativom i modelima koji su se pokazali efikasni. Naša stranka smatra da se prilikom izrade ovog zakonskog rješenja moraju uzeti u obzir psihološke i političke činjenice koje su posljedice rata. Te činjenice moraju rezultirati posebnim senzibilitetom u provođenju ove, sa stanovišta države, neophodne kontrole.	DA	Naša stranka se zalaže za promjenu ovih zakonskih odredbi. Stava su da su te odredbe zakona u potpunoj suprotnosti sa demokratskim načelima odlučivanja, jer ukidaju mogućnost biraču da glasa za stranku koja se zalaže za smanjenje javne potrošnje pa i plata poslanicima. 	DA	Naša stranka smatra kako je pravo na rađanje djece jedno od osnovnih ljudskih prava, i kako zdravstveni sistem treba učiniti sve kako bi se omogućilo roditeljima/ženama da imaju djecu. Smatraju da ovaj princip ne počiva samo na moralnoj obavezi društva prema potencijalnim roditeljima, već i na ekonomskoj/društvenoj potrebi za porastom nataliteta u trenucima kada se suočavamo sa “bijelom kugom”.  	DA	Naša stranka smatra da Bosni i Herecgovini potreban ovakav zakon.	NE	Rješenje problema pasa ne može biti eutenazija ukoliko se prethodna, humanija rješenja nisu provodila, i ako su se zakoni ignorisali stav je Naše stranke.   	DA	U Našoj stranci smatraju da je pristupanje NATO-u, kao i EU je apsolutni prioritet BiH.	NE	Zaduživanje države, kao i nižih nivoa vlasti se smije nastaviti samo ukoliko se radi o ekonomski samoodrživim kapitalnim projektima, i investicijama koje će stvarati profit i iz sopstvenih prihoda pokrivati otplatne rate i pružiti građanima potrebne usluge stav je Naše stranke.  	NE	Naša stranka je javno ocijenila da demonstracije koje su se dogodile u februaru ove godine nisu bile pokušaj državnog udara. Tu kvalifikaciju su davale partije koje sebe poistovjećuju sa državom. 	NE		DA	Stav NS je da BiH kao i međunarodna zajednica moraju priznati Palestinu kao državu, a kako bi se postigao trajni mir.	DA	Naša stranka smatra da se kultura i umjetnost, za razliku od komercijalne zabave, ne smije u potpunosti ostaviti na milost i nemilost silama slobodnog tržista, ali isto tako smatraju da rukovodstva kulturnih institucija moraju napustiti tendenciju potpune ovisnosti o budžetu i kontinuirano raditi na samofinansiranju.	NE	Naša stranka se zalaže za razvoj alternativne energetske industrije (sunce, vjetar, male hidrocentrale) koja, za razliku od tradicionalne (fosilna goriva, ugalj), nije u ekološkom sukobu sa zdravom životnom sredinom. 	NE	Naša stranka smatra da se odluke o privatizaciji javnih preduzeća trebaju rukovoditi isključivo dugoročnim ekonomskim interesom građanki i građana, a da se borba protiv korupcije mora voditi kroz sve, ali posebno kroz policijski i pravosudni sistem. 	NE		DA		NE	U Našoj stranci smatraju da se uvođenje paralelnog kanala ne može finansijski podnijeti.	DA	Naša stranka smatra da je prilagođavanje našeg radnog zakonodavstva evropskim okvirima pozitivan proces koji će rezultirati ekonomskim rastom i većom zaposlenošću u realnom sektoru, kao i da će izjednačiti prava svih radnika što danas nije slučaj.	DA	Naša stranka smatra da je pravo na zdravstvenu zaštitu neotuđivo ljudsko pravo koje ne može biti uslovljeno bilo kojim činjenicama i administrativnim i drugim okolnostima.	NE	Naša stranka se protivi zatvorenim listama, i ukidanju prava glasača da glasaju za osobu koja će ih predstavljati u vlasti.	NE	Naša stranka se protivi praksi “diskrecionih fondova” za vršioce državnih funkcija.  	DA	Uvođenje diferencirane stope PDV-a je jedan od prioriteta Naše stranke.	DA	Naša stranka vjeruje da je oduzimanje ilegalno stečene imovine jedan od prioriteta vlasti, ali da se princip prezumpcije nevinosti i tereta dokazivanja mora dosljedno poštovati	NE	U Našoj stranci se protive komisiji koja odlučuje o sukobu interesa, a koju čine parlamentarci koji će odlučivati da li su njihove stranačke kolege u sukobu interesa. 	NE		DA	Naša stranka se zauzima za sveobuhvatnu reformu javne uprave koja će rezultirati ne samo smanjenjem troška administracije, nego i unapređenjem usluga koju pruža građanima i privrednicima.	DA	Naša stranka pristupni proces EU smatra vitalnim interesom. Mi smatramo da će primjena evropskih demokratskih standarda i zakonodavstva značajno povećati i poboljšati uticaj svih građanki i građana BiH na vlast.  